short_code,standard_code,stock_name,security_group_code,stock_base_price,regular_market_unit,after_hours_market_unit,trading_halt_yn,liquidation_yn,management_stock_yn,market_warning_code,market_warning_risk_yn,dishonest_disclosure_yn,bypass_listing_yn,lock_division_code,par_value_change_code,capital_increase_code,margin_rate,credit_order_yn,credit_period,prev_day_volume,stock_par_value,stock_listing_date,listed_shares_thousand,capital,settlement_month,public_offering_price,preferred_stock_code,short_sale_overheat_yn,unusual_rise_yn,krx300_stock_yn,sales,operating_profit,ordinary_profit,net_income,roe,base_year_month,prev_day_market_cap_billion,company_credit_limit_exceed_yn,collateral_loan_yn,securities_lending_yn
052960,KR7052960002,태양3C,ST,000003900,00001,00001,N,N,N,00,N,N,N,00,00,00,100,N,090,000000001026,000000000500,20230126,000000000004887,000000000002443539000,12,,0,,N,,000000905,000000031,000000042,00039,000000000,20241231,000000190,N,N,N
059180,KR7059180000,엔더블유시,ST,000004820,00001,00001,N,N,N,00,N,N,N,00,00,00,100,N,090,000000000000,000000000500,20251222,000000000005314,000000000002657045000,12,,0,,N,,000000262,000000018,000000013,00011,000000000,20241231,000000256,N,N,N
066830,KR7066830001,제노텍,ST,000001074,00001,00001,N,N,N,00,N,N,N,00,00,00,100,N,090,000000008768,000000000500,20160718,000000000005667,000000000002833590000,12,,0,,N,,000000025,-00000010,-00000008,-0008,-00000007,20241231,000000060,N,N,N
076340,KR7076340009,지에이이노더스,ST,000004700,00001,00001,N,N,N,00,N,N,N,00,00,00,100,N,090,000000000237,000000000500,20150518,000000000004871,000000000002435730000,12,,0,,N,,000001806,000000060,000000186,00146,000000000,20241231,000000228,N,N,N
086220,KR7086220001,광동헬스바이오,ST,000001385,00001,00001,N,N,N,00,N,N,N,00,00,00,100,N,090,000000000040,000000000500,20150709,000000000012687,000000000006343932500,12,,0,,N,,000000655,-00000010,-00000020,-0020,-00000012,20241231,000000175,N,N,N
092590,KR7092590009,럭스피아,ST,000000757,00001,00001,N,N,N,00,N,N,N,00,00,00,100,N,090,000000000593,000000000500,20151030,000000000007291,000000000003645549000,12,,0,,N,,000000179,-00000011,-00000011,-0009,-00000006,20241231,000000055,N,N,N
093510,KR7093510006,엔지브이아이,ST,000000919,00001,00001,N,N,N,00,N,N,N,00,00,00,100,N,090,000000003390,000000000500,20190930,000000000006020,000000000003010000000,12,,0,,N,,000000006,-00000007,-00000008,-0008,-36100000,20241231,000000055,N,N,N
102950,KR7102950003,아하,ST,000001524,00001,00001,N,N,N,00,N,N,N,00,00,00,100,N,090,000000004112,000000000500,20221130,000000000013121,000000000006923823000,12,,0,,N,,000000562,000000024,000000012,00004,000000000,20241231,000000199,N,N,N
103660,KR7103660007,씨앗,ST,000000899,00001,00001,N,N,N,00,N,N,N,00,00,00,100,N,090,000000000026,000000000500,20150622,000000000006017,000000000003008735500,12,,0,,N,,000000279,000000025,-00000003,-0003,000000000,20241231,000000054,N,N,N
112190,KR7112190004,KC산업,ST,000001184,00001,00001,N,N,N,00,N,N,N,00,00,00,100,N,090,000000002149,000000000500,20160531,000000000027204,000000000013602444500,12,,0,,N,,000000843,000000095,000000006,00005,000000001,20241231,000000322,N,N,N
114920,KR7114920002,대주이엔티,ST,000002745,00001,00001,N,N,N,00,N,N,N,00,00,00,100,N,090,000000000279,000000000500,20130701,000000000003469,000000000001734750000,12,,0,,N,,000000878,000000081,000000050,00032,000000000,20241231,000000095,N,N,N
116100,KR7116100009,태양기계,ST,000000582,00001,00001,N,N,N,00,N,N,N,00,00,00,100,N,090,000000000010,000000000500,20130701,000000000007439,000000000003719993000,12,,0,,N,,000000351,000000021,000000011,00008,000000005,20241231,000000043,N,N,N
121060,KR7121060008,유니포인트,ST,000000527,00001,00001,N,N,N,00,N,N,N,00,00,00,100,N,090,000000000017,000000000500,20141024,000000000005981,000000000002990835000,12,,0,,N,,000000543,000000002,000000002,00003,000000005,20241231,000000031,N,N,N
122830,KR7122830003,원포유,ST,000001970,00001,00001,N,N,N,00,N,N,N,00,00,00,100,N,090,000000030045,000000000100,20201023,000000000032751,000000000003275198500,12,,0,,N,,000000100,000000028,000000029,00025,000000016,20241231,000000645,N,N,N
136660,KR7136660008,큐엠씨,ST,000001900,00001,00001,N,N,N,00,N,N,N,00,00,00,100,N,090,000000000028,000000000500,20140701,000000000002360,000000000001180475000,12,,0,,N,,000000072,-00000020,-00000034,-0034,-00000079,20241231,000000044,N,N,N
140610,KR7140610007,엔솔바이오사이언스,ST,000015150,00001,00001,N,N,N,00,N,N,N,00,00,00,100,N,090,000000019079,000000000500,20180910,000000000013421,000000000006710683500,12,,0,,N,,000000014,-00000051,-00000177,-0177,-36100000,20241231,000002033,N,N,N
140660,KR7140660002,위월드,ST,000001450,00001,00001,N,N,N,00,N,N,N,00,00,00,100,N,090,000000000152,000000000500,20131226,000000000002487,000000000001243626000,12,,0,,N,,000000042,000000001,000000003,00004,000000005,20241231,000000036,N,N,N
149010,KR7149010001,아이케이세미콘,ST,000004095,00001,00001,N,N,N,00,N,N,N,00,00,00,100,N,090,000000000005,000000000500,20141114,000000000003120,000000000001560000000,12,,0,,N,,000000179,000000020,000000024,00021,000000000,20241231,000000127,N,N,N
149300,KR7149300006,아퓨어스,ST,000000039,00001,00001,N,N,N,00,N,N,N,00,00,00,100,N,090,000000132512,000000000500,20190903,000000000045486,000000000022743126000,12,,0,,N,,000000006,-00000024,-00000031,-0031,-00000060,20241231,000000017,N,N,N
162120,KR7162120000,루켄테크놀러지스,ST,000002520,00001,00001,N,N,N,00,N,N,N,00,00,00,100,N,090,000000008315,000000000500,20170725,000000000011156,000000000005578301000,12,,0,,N,,000000210,-00000034,-00000027,-0033,000000000,20241231,000000281,N,N,N
169670,KR7169670007,코스텍시스템,ST,000005950,00001,00001,N,N,N,00,N,N,N,00,00,00,100,N,090,000000000033,000000000500,20220121,000000000002868,000000000001763050000,12,,0,,N,,000000239,000000001,000000001,00005,000000004,20241231,000000170,N,N,N
176590,KR7176590008,코나솔,ST,000003420,00001,00001,N,N,N,00,N,N,N,00,00,00,100,N,090,000000000165,000000000500,20220615,000000000005836,000000000002918191500,12,,0,,N,,000000189,-00000033,-00000042,-0033,-00000022,20241231,000000199,N,N,N
178600,KR7178600003,대동고려삼,ST,000002115,00001,00001,N,N,N,00,N,N,N,00,00,00,100,N,090,000000000631,000000000500,20131220,000000000004449,000000000002224800000,06,,0,,N,,000000457,000000012,-00000003,-0014,-00000005,20250630,000000094,N,N,N
179720,KR7179720008,머니무브,ST,000012000,00001,00001,N,N,N,00,N,N,N,00,00,00,100,N,090,000000000293,000000000500,20130701,000000000002455,000000000001227902000,12,,0,,N,,000000002,-00000033,-00000034,-0034,-00000463,20241231,000000294,N,N,N
180060,KR7180060006,탑선,ST,000007080,00001,00001,N,N,N,00,N,N,N,00,00,00,100,N,090,000000001098,000000000500,20171027,000000000009347,000000000004673833000,12,,0,,N,,000001100,000000050,000000094,00073,000000000,20241231,000000661,N,N,N
185190,KR7185190006,수프로,ST,000000899,00001,00001,N,N,N,00,N,N,N,00,00,00,100,N,090,000000000011,000000000200,20131029,000000000009238,000000000001847725000,03,,0,,N,,000000278,000000004,000000003,00004,000000007,20250331,000000083,N,N,N
189350,KR7189350002,코셋,ST,000001499,00001,00001,N,N,N,00,N,N,N,00,00,00,100,N,090,000000001023,000000000500,20131224,000000000004800,000000000002400000000,12,,0,,N,,000000098,-00000016,-00000019,-0020,-00000081,20241231,000000071,N,N,N
191600,KR7191600006,블루탑,ST,000006880,00001,00001,N,N,N,00,N,N,N,00,00,00,100,N,090,000000000000,000000000500,20160805,000000000002858,000000000001429464000,12,,0,,N,,000000450,000000004,-00000013,-0014,-00000010,20241231,000000196,N,N,N
199150,KR7199150004,데이터스트림즈,ST,000002795,00001,00001,N,N,N,02,N,N,N,00,00,00,100,N,090,000000005363,000000000500,20140625,000000000004268,000000000002134306500,12,,0,,N,,000000266,000000006,000000003,00006,000000000,20241231,000000119,N,N,N
199290,KR7199290008,바이오프로테크,ST,000000375,00001,00001,N,N,N,00,N,N,N,00,00,00,100,N,090,000000005035,000000000500,20161208,000000000016325,000000000008162596000,12,,0,,N,,000000265,000000004,000000000,00000,000000000,20241231,000000061,N,N,N
200580,KR7200580009,메디쎄이,ST,000012350,00001,00001,N,N,N,00,N,N,N,00,00,00,100,N,090,000000000321,000000000500,20151020,000000000003726,000000000001863039500,12,,0,,N,,000000255,000000032,000000037,00025,000000000,20241231,000000460,N,N,N
202960,KR7202960001,판도라티비,ST,000000735,00001,00001,N,N,N,00,N,N,N,00,00,00,100,N,090,000000019032,000000000500,20140811,000000000011915,000000000005957791000,12,,0,,N,,000000167,000000013,000000022,00020,000000000,20241231,000000087,N,N,N
206950,KR7206950008,볼빅,ST,000001795,00001,00001,Y,N,N,00,N,N,N,00,00,00,100,N,090,000000000000,000000000500,20151230,000000000014077,000000000007038632500,12,,0,,N,,000000465,-00000017,-00000017,-0017,000000000,20241231,000000252,N,N,N
207490,KR7207490004,에이펙스인텍,ST,000006590,00001,00001,N,N,N,00,N,N,N,00,00,00,100,N,090,000000000000,000000000500,20181128,000000000003600,000000000001800000000,12,,0,,N,,000000000,000000000,000000000,00000,000000000,20241231,000000237,N,N,N
208850,KR7208850008,이비테크,ST,000005000,00001,00001,N,N,N,00,N,N,N,00,00,00,100,N,090,000000000003,000000001000,20160622,000000000002820,000000000002820250000,12,,0,,N,,000000107,000000015,000000018,00017,000000013,20241231,000000141,N,N,N
208890,KR7208890004,미래엔에듀파트너,ST,000001080,00001,00001,N,N,N,00,N,N,N,00,00,00,100,N,090,000000000000,000000001000,20141218,000000000004005,000000000004005520000,12,,0,,N,,000000192,000000008,000000006,00008,000000000,20241231,000000043,N,N,N
212310,KR7212310007,오건에코텍,ST,000000635,00001,00001,Y,N,N,00,N,N,N,00,00,00,100,N,090,000000000000,000000000500,20160726,000000000011555,000000000005777937000,12,,0,,N,,000000232,-00000058,-00000066,-0066,000000000,20241231,000000073,N,N,N
215570,KR7215570003,크로넥스,ST,000001782,00001,00001,N,N,N,00,N,N,N,00,00,00,100,N,090,000000034343,000000000500,20151228,000000000005670,000000000002835237000,12,,0,,N,,000000045,-00000010,-00000017,-0017,-00000094,20241231,000000101,N,N,N
216400,KR7216400002,인바이츠바이오코아,ST,000004130,00001,00001,N,N,N,00,N,N,N,00,00,00,100,N,090,000000000518,000000000500,20150629,000000000007711,000000000003855657500,12,,0,,N,,000000216,000000003,-00000101,-0108,000000000,20241231,000000318,N,N,N
217320,KR7217320001,썬테크,ST,000003300,00001,00001,N,N,N,03,N,N,N,00,00,00,100,N,090,000000000034,000000000500,20150429,000000000001050,000000000000525000000,12,,0,,N,,000000257,-00000005,-00000009,-0009,000000000,20241231,000000034,N,N,N
217880,KR7217880004,틸론,ST,000001615,00001,00001,N,N,N,00,N,N,N,00,00,00,100,N,090,000000004067,000000000500,20150528,000000000010727,000000000005363645000,12,,0,,N,,000000077,-00000003,-00000043,-0029,000000000,20241231,000000173,N,N,N
217910,KR7217910009,에스제이켐,ST,000000310,00001,00001,N,N,N,00,N,N,N,00,00,00,100,N,090,000000058177,000000000100,20180427,000000000013990,000000000001399052200,12,,0,,N,,000000132,-00000019,-00000026,-0026,-00000077,20241231,000000043,N,N,N
217950,KR7217950005,파마리서치바이오,ST,000035300,00001,00001,N,N,N,00,N,N,N,00,00,00,100,N,090,000000002841,000000000500,20151105,000000000004183,000000000002091620000,12,,0,,N,,000000261,000000087,000000095,00102,000000026,20241231,000001476,N,N,N
222670,KR7222670002,플럼라인생명과학,ST,000004550,00001,00001,N,N,N,00,N,N,N,00,00,00,100,N,090,000000002692,000000000500,20150728,000000000004032,000000000002016466000,12,,0,,N,,000000000,-00000031,-00000038,-0038,-36100000,20241231,000000183,N,N,N
223220,KR7223220005,로지스몬,ST,000000616,00001,00001,N,N,N,00,N,N,N,00,00,00,100,N,090,000000028680,000000000100,20150709,000000000001620,000000000000162062000,12,,0,,N,,000000000,000000000,000000000,00000,000000000,20241231,000000009,N,N,N
224760,KR7224760009,엔에스컴퍼니,ST,000003200,00001,00001,N,N,N,00,N,N,N,00,00,00,100,N,090,000000000001,000000000500,20150731,000000000003939,000000000001969850000,12,,0,,N,,000000714,000000005,000000035,00029,000000008,20241231,000000126,N,N,N
224810,KR7224810002,엄지하우스,ST,000002110,00001,00001,N,N,N,00,N,N,N,00,00,00,100,N,090,000000000001,000000000500,20151021,000000000004200,000000000002100000000,12,,0,,N,,000000815,000000013,-00000032,-0034,-00000034,20241231,000000088,N,N,N
227420,KR7227420007,도부,ST,000000985,00001,00001,N,N,N,00,N,N,N,00,00,00,100,N,090,000000000003,000000000500,20161228,000000000038044,000000000019022255000,12,,0,,N,,000000166,-00000106,-00000124,-0129,000000000,20241231,000000374,N,N,N
229500,KR7229500004,노브메타파마,ST,000011800,00001,00001,N,N,N,00,N,N,N,00,00,00,100,N,090,000000002882,000000000500,20151028,000000000012709,000000000006354867000,12,,0,,N,,000000000,-00000055,-00000056,-0056,-00000153,20241231,000001499,N,N,N
232530,KR7232530006,이엠티,ST,000005140,00001,00001,N,N,N,00,N,N,N,00,00,00,100,N,090,000000011673,000000000500,20151230,000000000025614,000000000012807152000,12,,0,,N,,000000098,-00000010,-00000019,-0019,-36100000,20241231,000001316,N,N,N
233250,KR7233250000,메디안디노스틱,ST,000010470,00001,00001,N,N,N,00,N,N,N,00,00,00,100,N,090,000000000001,000000000500,20170626,000000000001746,000000000001083767000,12,,0,,N,,000000122,000000004,000000008,00012,000000000,20241231,000000182,N,N,N
233990,KR7233990001,질경이,ST,000001788,00001,00001,N,N,N,00,N,N,N,00,00,00,100,N,090,000000000022,000000000100,20151229,000000000014764,000000000001476489800,12,,0,,N,,000000100,000000011,000000008,00008,000000000,20241231,000000263,N,N,N
234070,KR7234070001,에이원알폼,ST,000000926,00001,00001,N,N,N,00,N,N,N,00,00,00,100,N,090,000000000001,000000000500,20151221,000000000006960,000000000003480351500,12,,0,,N,,000000196,-00000111,-00000149,-0152,-00000036,20241231,000000064,N,N,N
236030,KR7236030003,씨알푸드,ST,000001900,00001,00001,N,N,N,00,N,N,N,00,00,00,100,N,090,000000000021,000000000500,20171214,000000000002033,000000000001016666000,12,,0,,N,,000000178,-00000006,-00000011,-0011,-00000097,20241231,000000038,N,N,N
236340,KR7236340006,메디젠휴먼케어,ST,000001847,00001,00001,N,N,N,00,N,N,N,00,00,00,100,N,090,000000000146,000000000500,20160126,000000000003014,000000000001507323500,12,,0,,N,,000000039,-00000012,-00000027,-0027,-36100000,20241231,000000055,N,N,N
238170,KR7238170005,엔에스엠,ST,000000755,00001,00001,N,N,N,00,N,N,N,00,00,00,100,N,090,000000004512,000000000500,20191226,000000000020774,000000000010387342000,12,,0,,N,,000000222,-00000010,-00000012,-0002,000000000,20241231,000000156,N,N,N
238500,KR7238500003,로보쓰리에이아이,ST,000000190,00001,00001,Y,N,N,00,N,N,N,00,00,00,100,N,090,000000000000,000000000200,20160420,000000000052018,000000000010403652400,12,,0,,N,,000000136,-00000010,-00000163,-0164,000000000,20241231,000000098,N,N,N
243870,KR7243870003,아이티센코어,ST,000009190,00001,00001,N,N,N,00,N,N,N,00,00,00,100,N,090,000000000936,000000000500,20161031,000000000002892,000000000001446315500,12,,0,,N,,000000279,000000004,-00000085,-0067,-00000026,20241231,000000265,N,N,N
244880,KR7244880001,나눔테크,ST,000001998,00001,00001,N,N,N,00,N,N,N,00,00,00,100,N,090,000000000001,000000000500,20160601,000000000005020,000000000002510000000,12,,0,,N,,000000161,000000028,000000035,00030,000000013,20241231,000000100,N,N,N
245450,KR7245450002,씨앤에스링크,ST,000001998,00001,00001,N,N,N,00,N,N,N,00,00,00,100,N,090,000000000082,000000000500,20160624,000000000001579,000000000000789980000,12,,0,,N,,000000173,000000007,000000004,00004,000000015,20241231,000000031,N,N,N
250030,KR7250030004,진코스텍,ST,000015860,00001,00001,N,N,N,00,N,N,N,00,00,00,100,N,090,000000000855,000000000500,20191129,000000000002589,000000000001294668500,12,,0,,N,,000000298,000000011,000000000,00000,-00000002,20241231,000000410,N,N,N
251280,KR7251280004,안지오랩,ST,000002400,00001,00001,N,N,N,00,N,N,N,00,00,00,100,N,090,000000001087,000000000500,20161025,000000000003491,000000000001745935000,12,,0,,N,,000000020,-00000008,-00000008,-0008,-00000050,20241231,000000083,N,N,N
253610,KR7253610000,루트락,ST,000001020,00001,00001,N,N,N,00,N,N,N,00,00,00,100,N,090,000000001001,000000000500,20201224,000000000010185,000000000005092705000,12,,0,,N,,000000100,-00000015,-00000023,-0022,-36100000,20241231,000000103,N,N,N
254160,KR7254160005,제이엠멀티,ST,000003200,00001,00001,N,N,N,00,N,N,N,00,00,00,100,N,090,000000000045,000000000500,20211213,000000000005160,000000000002580000000,12,,0,,N,,000000273,000000012,000000004,00001,000000000,20241231,000000165,N,N,N
257990,KR7257990002,나우코스,ST,000008250,00001,00001,N,N,N,00,N,N,N,00,00,00,100,N,090,000000008909,000000000500,20201230,000000000005891,000000000002945696000,12,,0,,N,,000000620,000000013,-00000005,-0004,000000000,20241231,000000486,N,N,N
258050,KR7258050004,테크트랜스,ST,000000396,00001,00001,N,N,N,00,N,N,N,00,00,00,100,N,090,000000002693,000000000100,20180713,000000000011145,000000000001114594900,12,,0,,N,,000000007,-00000006,-00000006,-0006,-00000080,20241231,000000044,N,N,N
260870,KR7260870001,SK시그넷,ST,000011990,00001,00001,N,N,N,00,N,N,N,00,00,00,100,N,090,000000005825,000000000500,20170830,000000000021674,000000000010837373500,12,,0,,N,,000000838,-00002428,-00002481,-2441,000000000,20241231,000002598,N,N,N
266170,KR7266170000,레드우즈,ST,000001800,00001,00001,N,N,N,00,N,N,N,00,00,00,100,N,090,000000000001,000000000500,20170609,000000000000733,000000000000366913000,12,,0,,N,,000000000,-00000028,-00000050,-0050,000000000,20241231,000000013,N,N,N
266350,KR7266350008,팡스카이,ST,000000398,00001,00001,Y,N,N,00,N,N,N,00,00,00,100,N,090,000000000000,000000000500,20240628,000000000012629,000000000006314785000,12,,0,,N,,000000088,-00000062,-00000117,-0117,000000000,20241231,000000050,N,N,N
266470,KR7266470004,바이오인프라생명과학,ST,000000200,00001,00001,N,N,N,00,N,N,N,00,00,00,100,N,090,000000009591,000000000500,20200722,000000000027866,000000000013933009500,12,,0,,N,,000000002,-00000020,-00000031,-0031,-00000360,20241231,000000055,N,N,N
267080,KR7267080000,세븐브로이맥주,ST,000000486,00001,00001,Y,N,N,00,N,N,N,00,00,00,100,N,090,000000000000,000000000500,20240117,000000000011871,000000000005935704000,12,,0,,N,,000000085,-00000091,-00000173,-0175,000000000,20241231,000000057,N,N,N
270210,KR7270210008,에스알바이오텍,ST,000023250,00001,00001,N,N,N,00,N,N,N,00,00,00,100,N,090,000000000066,000000000500,20170615,000000000001664,000000000000832226500,12,,0,,N,,000000294,000000020,000000016,00016,000000396,20241231,000000386,N,N,N
276240,KR7276240009,엘리비젼,ST,000000374,00001,00001,N,N,N,00,N,N,N,00,00,00,100,N,090,000000006169,000000000500,20180705,000000000012313,000000000006156569000,12,,0,,N,,000000019,-00000008,-00000008,-0008,-36100000,20241231,000000046,N,N,N
278990,KR7278990007,EMB,ST,000003250,00001,00001,N,N,N,00,N,N,N,00,00,00,100,N,090,000000000082,000000000500,20171031,000000000008064,000000000004032388500,12,,0,,N,,000000277,000000006,000000037,00025,000000000,20241231,000000262,N,N,N
279060,KR7279060008,이노벡스,ST,000000115,00001,00001,Y,N,N,00,N,N,N,00,00,00,100,N,090,000000000000,000000000100,20190412,000000000009807,000000000000980786600,12,,0,,N,,000000062,-00000027,-00000027,-0027,-36100000,20241231,000000011,N,N,N
288490,KR7288490006,나라소프트,ST,000000000,00001,00001,N,Y,N,00,N,N,N,00,00,00,100,N,090,000000000000,000000000100,20181123,000000000017471,000000000001747157700,12,,0,,N,,000000004,-00000007,-00000012,-0012,-36100000,20241231,000000000,N,N,N
289170,KR7289170003,바이오텐,ST,000003200,00001,00001,N,N,N,00,N,N,N,00,00,00,100,N,090,000000000314,000000000500,20231013,000000000003576,000000000001788344500,12,,0,,N,,000000055,-00000009,-00000011,-0012,-00000044,20241231,000000114,N,N,N
296160,KR7296160005,프로젠,ST,000006040,00001,00001,N,N,N,00,N,N,N,00,00,00,100,N,090,000000004389,000000000500,20231115,000000000015375,000000000007687539500,12,,0,,N,,000000007,-00000167,-00000057,-0057,-00000015,20241231,000000928,N,N,N
296520,KR7296520000,가이아코퍼레이션,ST,000000492,00001,00001,N,N,N,00,N,N,N,00,00,00,100,N,090,000000000123,000000000500,20230620,000000000004667,000000000002333504000,12,,0,,N,,000000386,000000016,000000010,00008,000000000,20241231,000000022,N,N,N
299480,KR7299480004,지앤이헬스케어,ST,000000599,00001,00001,N,N,N,02,N,N,N,00,00,00,100,N,090,000000000002,000000000100,20180629,000000000011100,000000000001110074300,12,,0,,N,,000000031,-00000002,-00000001,-0001,000000000,20241231,000000066,N,N,N
302920,KR7302920004,더콘텐츠온,ST,000003100,00001,00001,N,N,N,00,N,N,N,00,00,00,100,N,090,000000000011,000000000500,20180813,000000000004552,000000000002276179500,12,,0,,N,,000000117,-00000004,-00000040,-0034,-00000048,20241231,000000141,N,N,N
311060,KR7311060008,엘에이티,ST,000003975,00001,00001,N,N,N,00,N,N,N,00,00,00,100,N,090,000000000973,000000000500,20181228,000000000007827,000000000003913567000,12,,0,,N,,000000408,000000006,000000001,00001,000000001,20241231,000000311,N,N,N
311960,KR7311960009,인터로이드,ST,000002080,00001,00001,N,N,N,00,N,N,N,00,00,00,100,N,090,000000000054,000000000500,20221129,000000000003062,000000000001531332000,12,,0,,N,,000000103,-00000033,-00000088,-0076,-00000093,20241231,000000063,N,N,N
317860,KR7317860005,노드메이슨,ST,000004685,00001,00001,N,N,N,00,N,N,N,00,00,00,100,N,090,000000000122,000000000500,20191206,000000000004513,000000000002256607500,12,,0,,N,,000000215,-00000002,-00000015,-0013,000000000,20241231,000000211,N,N,N
318660,KR7318660008,타임기술,ST,000004200,00001,00001,N,N,N,00,N,N,N,00,00,00,100,N,090,000000006799,000000000500,20210624,000000000002152,000000000001076050500,12,,0,,N,,000000052,-00000013,-00000015,-0015,-00000200,20241231,000000090,N,N,N
322970,KR7322970005,무진메디,ST,000001989,00001,00001,N,N,N,00,N,N,N,00,00,00,100,N,090,000000006256,000000000500,20200624,000000000010051,000000000005025989000,12,,0,,N,,000000001,-00000029,-00000062,-0062,-00000088,20241231,000000199,N,N,N
327610,KR7327610002,펨토바이오메드,ST,000001701,00001,00001,N,N,N,00,N,N,N,00,00,00,100,N,090,000000006122,000000000500,20190710,000000000008536,000000000004268043000,12,,0,,N,,000000002,-00000053,-00000049,-0049,-36100000,20241231,000000145,N,N,N
331660,KR7331660001,한국미라클피플사,ST,000015540,00001,00001,N,N,N,00,N,N,N,00,00,00,100,N,090,000000000100,000000000500,20191028,000000000001100,000000000000550000000,12,,0,,N,,000000276,000000020,000000010,00010,-36100000,20241231,000000170,N,N,N
332190,KR7332190008,오션스바이오,ST,000003730,00001,00001,N,N,N,00,N,N,N,00,00,00,100,N,090,000000000273,000000000100,20250114,000000000001477,000000000000147783900,12,,0,,N,,000000002,-00000019,-00000014,-0014,000000000,20241231,000000055,N,N,N
336040,KR7336040001,타스컴,ST,000004000,00001,00001,N,N,N,00,N,N,N,00,00,00,100,N,090,000000000013,000000000500,20191202,000000000005712,000000000002856405000,12,,0,,N,,000000065,-00000015,-00000017,-0017,-00000268,20241231,000000228,N,N,N
337840,KR7337840003,유엑스엔,ST,000008770,00001,00001,N,N,N,00,N,N,N,00,00,00,100,N,090,000000003588,000000000500,20191128,000000000004747,000000000002373768000,12,,0,,N,,000000005,-00000058,-00000003,-0003,-36100000,20241231,000000416,N,N,N
341170,KR7341170009,퓨쳐메디신,ST,000001599,00001,00001,N,N,N,00,N,N,N,00,00,00,100,N,090,000000023541,000000000500,20220727,000000000010533,000000000005266602500,12,,0,,N,,000000000,-00000041,-00000040,-0040,000000000,20241231,000000168,N,N,N
341310,KR7341310001,이앤에치,ST,000000012,00001,00001,N,Y,N,00,N,N,N,00,00,00,100,N,090,000000025205,000000000100,20191227,000000000017293,000000000001729340000,12,,0,,N,,000000095,-00000031,-00000031,-0031,000000000,20241231,000000002,N,N,N
346010,KR7346010002,타이드,ST,000001200,00001,00001,N,N,N,00,N,N,N,00,00,00,100,N,090,000000000003,000000000500,20221228,000000000004860,000000000002430031000,12,,0,,N,,000000061,-00000035,-00000039,-0046,-36100000,20241231,000000058,N,N,N
351020,KR7351020003,미쥬,ST,000008760,00001,00001,N,N,N,00,N,N,N,00,00,00,100,N,090,000000000201,000000000100,20231026,000000000002075,000000000000250000000,12,,0,,N,,000000308,000000015,000000010,00010,000000000,20241231,000000181,N,N,N
354390,KR7354390007,바스칸바이오제약,ST,000004900,00001,00001,N,N,N,00,N,N,N,00,00,00,100,N,090,000000000453,000000002500,20220720,000000000007018,000000000017545617500,12,,0,,N,,000000289,000000012,000000028,00028,000000010,20241231,000000343,N,N,N
368030,KR7368030003,창대정밀,ST,000008580,00001,00001,N,N,N,00,N,N,N,00,00,00,100,N,090,000000000000,000000005000,20241223,000000000001749,000000000008746535000,12,,0,,N,,000000455,000000013,000000001,-0001,000000000,20241231,000000150,N,N,N
379390,KR7379390008,이성씨엔아이,ST,000005200,00001,00001,N,N,N,00,N,N,N,00,00,00,100,N,090,000000000000,000000000500,20210604,000000000002841,000000000001420730000,12,,0,,N,,000000132,-00000057,-00000098,-0098,000000000,20241231,000000147,N,N,N
390110,KR7390110005,애니메디솔루션,ST,000000979,00001,00001,N,N,N,00,N,N,N,00,00,00,100,N,090,000000002003,000000000500,20221221,000000000009157,000000000004578523500,12,,0,,N,,000000014,-00000023,-00000031,-0031,-00000151,20241231,000000089,N,N,N
402420,KR7402420004,켈스,ST,000001895,00001,00001,N,N,N,00,N,N,N,00,00,00,100,N,090,000000000000,000000000500,20211130,000000000002348,000000000001174381500,12,,0,,N,,000000019,-00000048,-00000016,-0016,-36100000,20241231,000000044,N,N,N
403360,KR7403360001,라피치,ST,000008300,00001,00001,N,N,N,00,N,N,N,00,00,00,100,N,090,000000000000,000000000500,20211214,000000000003449,000000000001724727000,12,,0,,N,,000000158,-00000015,-00000014,-0015,-00000024,20241231,000000286,N,N,N
403810,KR7403810005,아이엘로보틱스,ST,000001964,00001,00001,N,N,N,00,N,N,N,00,00,00,100,N,090,000000002004,000000000100,20251118,000000000009627,000000000000962733700,12,,0,,N,,000000000,000000000,000000000,00000,000000000,20241231,000000189,N,N,N
413300,KR7413300005,티엘엔지니어링,ST,000002270,00001,00001,N,N,N,00,N,N,N,00,00,00,100,N,090,000000000127,000000000500,20220927,000000000001351,000000000000675757500,12,,0,,N,,000000137,-00000004,-00000006,-0004,-00000039,20241231,000000030,N,N,N
434190,KR7434190005,탈로스,ST,000003795,00001,00001,N,N,N,00,N,N,N,00,00,00,100,N,090,000000000002,000000000500,20221024,000000000007369,000000000003684717000,12,,0,,N,,000000124,000000007,000000009,00007,000000004,20241231,000000279,N,N,N
446440,KR7446440000,에피바이오텍,ST,000014900,00001,00001,N,N,N,00,N,N,N,00,00,00,100,N,090,000000000001,000000000500,20230731,000000000002306,000000000001153439500,12,,0,,N,,000000007,-00000030,-00000017,-0017,-00000102,20241231,000000343,N,N,N
447690,KR7447690009,아이오바이오,ST,000003100,00001,00001,N,N,N,00,N,N,N,00,00,00,100,N,090,000000001020,000000000500,20221228,000000000002630,000000000001315128000,12,,0,,N,,000000023,-00000045,-00000048,-0048,-36100000,20241231,000000081,N,N,N
448780,KR7448780007,마이크로엔엑스,ST,000001855,00001,00001,N,N,N,00,N,N,N,00,00,00,100,N,090,000000000127,000000000500,20221221,000000000002677,000000000001338840000,12,,0,,N,,000000084,000000005,000000005,00005,000000000,20241231,000000049,N,N,N
456190,KR7456190008,큐라켐,ST,000006790,00001,00001,N,N,N,00,N,N,N,00,00,00,100,N,090,000000000000,000000000500,20230518,000000000001754,000000000000877143000,12,,0,,N,,000000054,-00000004,-00000003,-0003,-00000003,20241231,000000119,N,N,N
456570,KR7456570001,아이엠지티,ST,000019750,00001,00001,N,N,N,00,N,N,N,00,00,00,100,N,090,000000002347,000000000500,20230719,000000000005256,000000000002628114500,12,,0,,N,,000000000,-00000054,-00000112,-0112,-36100000,20241231,000001038,N,N,N
476710,KR7476710009,타조이엔터테인먼트,ST,000015980,00001,00001,N,N,N,00,N,N,N,00,00,00,100,N,090,000000000000,000000000100,20241030,000000000001000,000000000000100000000,12,,0,,N,,000000132,000000013,000000013,00011,000000050,20241231,000000159,N,N,N
495810,KR7495810004,유비씨,ST,000013120,00001,00001,N,N,N,00,N,N,N,00,00,00,100,N,090,000000000000,000000000100,20241223,000000000002500,000000000000250000000,12,,0,,N,,000000052,-00000020,-00000021,-0021,-00000691,20241231,000000328,N,N,N
496320,KR7496320003,본시스템즈,ST,000350000,00001,00001,N,N,N,03,N,N,N,00,00,00,100,N,090,000000000000,000000000100,20250908,000000000001000,000000000000100000000,12,,0,,N,,000000033,-00000007,-00000009,-0009,-36100000,20241231,000003500,N,N,N
